{
	"loading_priority": 1,
	"type":"origins:prevent_item_use",
	"item_condition":{
		"type":"origins:and",
		"conditions":[
			{
				"type":"origins:food"
			},
			{
				"type":"origins:ingredient",
				"ingredient":{
					"tag":"minecraft:fishes"
				},
				"inverted":true
			},
			{
				"type":"origins:ingredient",
				"ingredient":{
					"tag":"oef:seafood"
				},
				"inverted":true
			},
			{
				"type":"origins:ingredient",
				"ingredient":{
					"tag":"origins:ignore_diet"
				},
				"inverted":true
			}
		]
	}
}