{
	"replace": false,
	"values":[
		"minecraft:beef",
		"minecraft:chicken",
		"minecraft:mutton",
		"minecraft:porkchop",
		"minecraft:rabbit",
		"minecraft:rotten_flesh",
		"minecraft:spider_eye",
		{"id":"#origins-plus-plus:raw_fish","required":false},
		{"id":"abnormals_delight:escargot","required":false},
		{"id":"abnormals_delight:duck_fillet","required":false},
		{"id":"abnormals_delight:perch_slice","required":false},
		{"id":"abnormals_delight:pike_slice","required":false},
		{"id":"abnormals_delight:venison_shanks","required":false},
		{"id":"adventurez:mammoth_meat","required":false},
		{"id":"adventurez:iguana_meat","required":false},
		{"id":"adventurez:ender_whale_meat","required":false},
		{"id":"adventurez:rhino_meat","required":false},
		{"id":"adventurez:raw_warthog_meat","required":false},
		{"id":"adventurez:raw_venison","required":false},
		{"id":"betteranimalsplus:pheasantraw","required":false},
		{"id":"betteranimalsplus:venisonraw","required":false},
		{"id":"betteranimalsplus:turkey_leg_raw","required":false},
		{"id":"biomemakeover:raw_toad","required":false},
		{"id":"croptopia:bacon","required":false},
		{"id":"croptopia:ground_pork","required":false},
		{"id":"croptopia:frog_legs","required":false},
		{"id":"endersdelight:mite_crust","required":false},
		{"id":"endersdelight:shulker_mollusk","required":false},    
		{"id":"endersdelight:shulker_filet","required":false},
		{"id":"farmersdelight:chicken_cuts","required":false},
		{"id":"farmersdelight:bacon","required":false},
		{"id":"farmersdelight:mutton_chops","required":false},
		{"id":"farmersdelight:minced_beef","required":false},
		{"id":"farmersdelight:beef_patty","required":false},
		{"id":"farmersdelight:ham","required":false},
		{"id":"goodall:raw_venison","required":false},
		{"id":"meadow:raw_bear_meat","required":false},
		{"id":"naturalist:duck","required":false},
		{"id":"naturalist:venison","required":false},
		{"id":"naturalist:lizard_tail","required":false},
		{"id":"neapolitan:chocolate_spider_eye","required":false},
		{"id":"nourished_nether:raw_hoglin_meat","required":false},
		{"id":"paradise_lost:moa_chop","required":false},
		{"id":"twist:rawstrider","required":false},
		{"id":"twilightforest:raw_venison","required":false},
		{"id":"twilightforest:raw_meef","required":false},
		{"id":"undergarden:raw_dweller_meat","required":false},
		{"id":"undergarden:raw_gwibling","required":false}
	]
}