{
	"values":[
		"minecraft:beetroot_seeds",
		"minecraft:melon_seeds",
		"minecraft:pumpkin_seeds",
		"minecraft:wheat_seeds",
		{"id":"#c:seeds","required":false},
		{"id":"betternether:stalagnate_seed","required":false},
		{"id":"betternether:wart_seed","required":false},
		{"id":"betternether:eye_seed","required":false},
		{"id":"betternether:ink_bush_seed","required":false},
		{"id":"betternether:black_apple_seed","required":false},
		{"id":"betternether:magma_flower","required":false},
		{"id":"betternether:whispering_gourd_vine","required":false},
		{"id":"betternether:agave","required":false},
		{"id":"betternether:lumabus_seed","required":false},
		{"id":"betternether:golden_lumabus_seed","required":false},
		{"id":"betterend:end_lotus_seed","required":false},
		{"id":"betterend:blue_vine_seed","required":false},
		{"id":"betterend:lanceleaf_seed","required":false},
		{"id":"betterend:glowing_pillar_seed","required":false},
		{"id":"betterend:lumecorn_seed","required":false},
		{"id":"betterend:shadow_berry","required":false},
		{"id":"betterend:blossom_berry_seed","required":false},
		{"id":"betterend:amber_root_seed","required":false},
		{"id":"betterend:chorus_mushroom_seed","required":false},
		{"id":"betterend:cave_pumpkin_seed","required":false},
		{"id":"betterend:end_lily_seed","required":false},
		{"id":"betterend:bulb_vine_seed","required":false},
		{"id":"bewitchment:aconite_seeds","required":false},
		{"id":"bewitchment:belladonna_seeds","required":false},
		{"id":"bewitchment:mandrake_seeds","required":false},
		{"id":"biomemakeover:rootling_seeds","required":false},
		{"id":"croptopia:artichoke_seed","required":false},
		{"id":"croptopia:asparagus_seed","required":false},
		{"id":"croptopia:barley_seed","required":false},
		{"id":"croptopia:basil_seed","required":false},
		{"id":"croptopia:bellpepper_seed","required":false},
		{"id":"croptopia:blackbean_seed","required":false},
		{"id":"croptopia:blackberry_seed","required":false},
		{"id":"croptopia:blueberry_seed","required":false},
		{"id":"croptopia:broccoli_seed","required":false},
		{"id":"croptopia:cabbage_seed","required":false},
		{"id":"croptopia:cantaloupe_seed","required":false},
		{"id":"croptopia:cauliflower_seed","required":false},
		{"id":"croptopia:celery_seed","required":false},
		{"id":"croptopia:chile_pepper_seed","required":false},
		{"id":"croptopia:coffee_seed","required":false},
		{"id":"croptopia:corn_seed","required":false},
		{"id":"croptopia:cranberry_seed","required":false},
		{"id":"croptopia:cucumber_seed","required":false},
		{"id":"croptopia:currant_seed","required":false},
		{"id":"croptopia:eggplant_seed","required":false},
		{"id":"croptopia:elderberry_seed","required":false},
		{"id":"croptopia:garlic_seed","required":false},
		{"id":"croptopia:ginger_seed","required":false},
		{"id":"croptopia:grape_seed","required":false},
		{"id":"croptopia:greenbean_seed","required":false},
		{"id":"croptopia:greenonion_seed","required":false},
		{"id":"croptopia:honeydew_seed","required":false},
		{"id":"croptopia:hops_seed","required":false},
		{"id":"croptopia:kale_seed","required":false},
		{"id":"croptopia:kiwi_seed","required":false},
		{"id":"croptopia:leek_seed","required":false},
		{"id":"croptopia:lettuce_seed","required":false},
		{"id":"croptopia:mustard_seed","required":false},
		{"id":"croptopia:oat_seed","required":false},
		{"id":"croptopia:olive_seed","required":false},
		{"id":"croptopia:onion_seed","required":false},
		{"id":"croptopia:peanut_seed","required":false},
		{"id":"croptopia:pepper_seed","required":false},
		{"id":"croptopia:pineapple_seed","required":false},
		{"id":"croptopia:radish_seed","required":false},
		{"id":"croptopia:raspberry_seed","required":false},
		{"id":"croptopia:rhubarb_seed","required":false},
		{"id":"croptopia:rice_seed","required":false},
		{"id":"croptopia:rutabaga_seed","required":false},
		{"id":"croptopia:saguaro_seed","required":false},
		{"id":"croptopia:soybean_seed","required":false},
		{"id":"croptopia:spinach_seed","required":false},
		{"id":"croptopia:squash_seed","required":false},
		{"id":"croptopia:strawberry_seed","required":false},
		{"id":"croptopia:sweetpotato_seed","required":false},
		{"id":"croptopia:tea_seed","required":false},
		{"id":"croptopia:tomatillo_seed","required":false},
		{"id":"croptopia:tomato_seed","required":false},
		{"id":"croptopia:turmeric_seed","required":false},
		{"id":"croptopia:turnip_seed","required":false},
		{"id":"croptopia:vanilla_seeds","required":false},
		{"id":"croptopia:yam_seed","required":false},
		{"id":"croptopia:zucchini_seed","required":false},
		{"id":"croptopia:roasted_pumpkin_seeds","required":false},
		{"id":"croptopia:roasted_sunflower_seeds","required":false},
		{"id":"culturaldelights:cucumber_seeds","required":false},
		{"id":"culturaldelights:eggplant_seeds","required":false},
		{"id":"ecologics:coconut_seedling","required":false},
		{"id":"expandeddelight:asparagus_seeds","required":false},
		{"id":"expandeddelight:chili_pepper_seeds","required":false},
		{"id":"farmersdelight:cabbage_seeds","required":false},
		{"id":"farmersdelight:tomato_seeds","required":false},
		{"id":"farmersrespite:tea_seeds","required":false},
		{"id":"meadow:mountain_lavender_seeds","required":false},
		{"id":"meadow:juniper_seeds","required":false},
		{"id":"meadow:yarrow_seeds","required":false},
		{"id":"meadow:oat_seeds","required":false},
		{"id":"paradise_lost:flaxseed","required":false},
		{"id":"vinery:red_grape_seeds","required":false},
		{"id":"vinery:white_grape_seeds","required":false},
		{"id":"vinery:savanna_grape_seeds_red","required":false},
		{"id":"vinery:savanna_grape_seeds_white","required":false},
		{"id":"vinery:taiga_grape_seeds_red","required":false},
		{"id":"vinery:taiga_grape_seeds_white","required":false},
		{"id":"vinery:jungle_grape_seeds_red","required":false},
		{"id":"vinery:jungle_grape_seeds_white","required":false},
		{"id":"vinery:tomato_seeds","required":false},
		{"id":"xps:xp_berries_seeds","required":false},
		{"id":"supplementaries:flax_seeds","required":false}
	]
}